Workbook

Sheet Отклики
A1: Дата отклика | B1: Компания | C1: Вакансия | D1: Ссылка | E1: Версия CV | F1: Источник | G1: Ответ | H1: Дата ответа | I1: Интервью | J1: Второй этап | K1: Оффер | L1: Заметки
A2: 2026-07-15 | B2: Acme Analytics (ПРИМЕР — удали строку) | C2: Senior Power BI Developer | D2: https://… | E2: CV1 | F2: LinkedIn | G2: Да | H2: 2026-07-18 | I2: Да | J2: Нет | K2: Нет | L2: пример формата

Sheet Статистика
A1: Метрика | B1: CV1 (BI) | C1: CV3 (BI + bridge summary) | D1: CV2 (Consultant) | E1: Всего
A2: Отправлено | B2: =COUNTIFS(Отклики!$E:$E,"CV1") -> 1 | C2: =COUNTIFS(Отклики!$E:$E,"CV3") -> 0 | D2: =COUNTIFS(Отклики!$E:$E,"CV2") -> 0 | E2: =B2+C2+D2 -> 1
A3: Ответов | B3: =COUNTIFS(Отклики!$E:$E,"CV1",Отклики!$G:$G,"Да") -> 1 | C3: =COUNTIFS(Отклики!$E:$E,"CV3",Отклики!$G:$G,"Да") -> 0 | D3: =COUNTIFS(Отклики!$E:$E,"CV2",Отклики!$G:$G,"Да") -> 0 | E3: =B3+C3+D3 -> 1
A4: Response rate | B4: =IF(B2=0,0,B3/B2) -> 1 | C4: =IF(C2=0,0,C3/C2) -> 0 | D4: =IF(D2=0,0,D3/D2) -> 0 | E4: =IF(E2=0,0,E3/E2) -> 1
A5: Интервью | B5: =COUNTIFS(Отклики!$E:$E,"CV1",Отклики!$I:$I,"Да") -> 1 | C5: =COUNTIFS(Отклики!$E:$E,"CV3",Отклики!$I:$I,"Да") -> 0 | D5: =COUNTIFS(Отклики!$E:$E,"CV2",Отклики!$I:$I,"Да") -> 0 | E5: =B5+C5+D5 -> 1
A6: Interview rate | B6: =IF(B2=0,0,B5/B2) -> 1 | C6: =IF(C2=0,0,C5/C2) -> 0 | D6: =IF(D2=0,0,D5/D2) -> 0 | E6: =IF(E2=0,0,E5/E2) -> 1
A7: Второй этап | B7: =COUNTIFS(Отклики!$E:$E,"CV1",Отклики!$J:$J,"Да") -> 0 | C7: =COUNTIFS(Отклики!$E:$E,"CV3",Отклики!$J:$J,"Да") -> 0 | D7: =COUNTIFS(Отклики!$E:$E,"CV2",Отклики!$J:$J,"Да") -> 0 | E7: =B7+C7+D7 -> 0
A8: Офферы | B8: =COUNTIFS(Отклики!$E:$E,"CV1",Отклики!$K:$K,"Да") -> 0 | C8: =COUNTIFS(Отклики!$E:$E,"CV3",Отклики!$K:$K,"Да") -> 0 | D8: =COUNTIFS(Отклики!$E:$E,"CV2",Отклики!$K:$K,"Да") -> 0 | E8: =B8+C8+D8 -> 0
A10: Дизайн эксперимента: BI-вакансии — чередуй CV1 и CV3 (чистый тест summary на одном пуле). Consultant/presales-вакансии — только CV2. Выводы по паре CV1/CV3 — не раньше ~35 откликов на каждую; по CV2 — смотри абсолютные ставки.

Sheet List CVs
A1: CV1 – rename this row to your first CV
A2: CV2 – rename this row to your second CV
A3: CV3 – add as many rows as you have CVs
